file,SignalMode,UseUTFilter,UseRSIFilter,UseBBFilter,ReversalPrimary
10_filters_0_000_1.set,0,false,false,false,1
10_filters_0_001_1.set,0,false,false,true,1
10_filters_0_010_1.set,0,false,true,false,1
10_filters_0_011_1.set,0,false,true,true,1
10_filters_0_100_1.set,0,true,false,false,1
10_filters_0_101_1.set,0,true,false,true,1
10_filters_0_110_1.set,0,true,true,false,1
10_filters_0_111_1.set,0,true,true,true,1
10_filters_1_000_2.set,1,false,false,false,2
10_filters_1_001_2.set,1,false,false,true,2
10_filters_1_010_2.set,1,false,true,false,2
10_filters_1_011_2.set,1,false,true,true,2
10_filters_1_100_2.set,1,true,false,false,2
10_filters_1_101_2.set,1,true,false,true,2
10_filters_1_110_2.set,1,true,true,false,2
10_filters_1_111_2.set,1,true,true,true,2
10_filters_2_000_1.set,2,false,false,false,1
10_filters_2_000_2.set,2,false,false,false,2
10_filters_2_001_1.set,2,false,false,true,1
10_filters_2_001_2.set,2,false,false,true,2
10_filters_2_010_1.set,2,false,true,false,1
10_filters_2_010_2.set,2,false,true,false,2
10_filters_2_011_1.set,2,false,true,true,1
10_filters_2_011_2.set,2,false,true,true,2
10_filters_2_100_1.set,2,true,false,false,1
10_filters_2_100_2.set,2,true,false,false,2
10_filters_2_101_1.set,2,true,false,true,1
10_filters_2_101_2.set,2,true,false,true,2
10_filters_2_110_1.set,2,true,true,false,1
10_filters_2_110_2.set,2,true,true,false,2
10_filters_2_111_1.set,2,true,true,true,1
10_filters_2_111_2.set,2,true,true,true,2
