file,hypothesized_signal_frequency,changed_input,control_value,test_value
control_personal4_maxopen_3_persignal_3.set,control,none,,
more_minspikeatr_0_9.set,more,SP2L_MinSpikeATR,1.2,0.9
more_minbodyratio_0_45.set,more,SP2L_MinBodyRatio,0.60,0.45
more_requiregap_false.set,more,SP2L_RequireGap,true,false
more_maxlegbars_16.set,more,SP2L_MaxLegBars,12,16
fewer_minspikeatr_1_5.set,fewer,SP2L_MinSpikeATR,1.2,1.5
fewer_minbodyratio_0_75.set,fewer,SP2L_MinBodyRatio,0.60,0.75
fewer_strictbreak_true.set,fewer,SP2L_StrictBreak,false,true
fewer_maxlegbars_8.set,fewer,SP2L_MaxLegBars,12,8
